epoch,time,train/box_loss,train/cls_loss,train/dfl_loss,metrics/precision(B),metrics/recall(B),metrics/mAP50(B),metrics/mAP50-95(B),val/box_loss,val/cls_loss,val/dfl_loss,lr/pg0,lr/pg1,lr/pg2
1,1369.04,1.28255,2.10832,1.31006,0.60683,0.57372,0.58158,0.43989,0.80505,1.71019,1.01668,0.00033319,0.00033319,0.00033319
2,2738.83,1.20603,1.59769,1.26453,0.7569,0.60688,0.70086,0.55863,0.69477,1.6416,0.91664,0.000336594,0.000336594,0.000336594
