epoch,time,train/box_loss,train/cls_loss,train/dfl_loss,metrics/precision(B),metrics/recall(B),metrics/mAP50(B),metrics/mAP50-95(B),val/box_loss,val/cls_loss,val/dfl_loss,lr/pg0,lr/pg1,lr/pg2
1,1658.69,1.28604,2.0594,1.2992,0.66542,0.51468,0.58978,0.4584,0.80249,1.96293,1.00469,0.000333047,0.000333047,0.000333047
2,3064.75,1.25729,1.60285,1.27444,0.68168,0.51879,0.60425,0.46686,0.77305,1.68471,0.97885,0.000534437,0.000534437,0.000534437
